日期,時間,收縮壓,舒張壓,心跳,體重(kg),體溫(°C),其他/備註
2026-08-27,,108,62,,37.7,,
2026-08-28,,100,59,,37.7,,
2026-08-29,,98,59,,37.4,,
2026-08-30,,110,56,,37.1,,照片中的體溫欄字跡不明，先留白。
2026-08-31,,118,60,,37.1,36.5,
2026-09-01,,104,55,,37.2,36.5,
2026-09-02,,117,54,,36.9,36.4,
2026-09-17,,114,59,65,40.7,35.9,
2026-09-18,,119,62,67,40.3,36.4,照片中的體重原紀錄有塗改，依可辨識的 40.3 kg 建入。
2026-09-21,,123,65,68,36.5,39.9,
2026-09-22,,113,54,69,40.7,36.4,體重 40.7 kg（飯後）。照片體溫欄有塗改，依旁註 36.4°C 建入。
2026-09-24,,123,54,68,41,36.5,
2026-09-25,,118,63,69,39.7,36.3,
2026-09-26,,125,65,67,40.2,36,
2026-09-29,,117,69,61,40.6,36.4,
2026-09-30,,121,69,67,40.5,35.8,
2026-10-01,,126,70,66,40.6,36.3,
2026-10-02,,124,73,63,40.6,36.3,
2026-10-03,,110,73,66,41,36.3,